-- phpMyAdmin SQL Dump
-- version 4.0.10.14
-- http://www.phpmyadmin.net
--
-- Host: localhost:3306
-- Generation Time: Nov 02, 2016 at 10:08 PM
-- Server version: 10.0.28-MariaDB
-- PHP Version: 5.6.20

SET SQL_MODE = "NO_AUTO_VALUE_ON_ZERO";
SET time_zone = "+00:00";


/*!40101 SET @OLD_CHARACTER_SET_CLIENT=@@CHARACTER_SET_CLIENT */;
/*!40101 SET @OLD_CHARACTER_SET_RESULTS=@@CHARACTER_SET_RESULTS */;
/*!40101 SET @OLD_COLLATION_CONNECTION=@@COLLATION_CONNECTION */;
/*!40101 SET NAMES utf8 */;

--
-- Database: `nhdieeub_dsv`
--
CREATE DATABASE IF NOT EXISTS `nhdieeub_dsv` DEFAULT CHARACTER SET latin1 COLLATE latin1_swedish_ci;
USE `nhdieeub_dsv`;

-- --------------------------------------------------------

--
-- Table structure for table `dmsanpham`
--

DROP TABLE IF EXISTS `dmsanpham`;
CREATE TABLE IF NOT EXISTS `dmsanpham` (
  `id_dm` int(10) NOT NULL AUTO_INCREMENT,
  `ten_dm` varchar(255) CHARACTER SET utf8 COLLATE utf8_unicode_ci NOT NULL,
  `stt` int(11) NOT NULL,
  PRIMARY KEY (`id_dm`)
) ENGINE=InnoDB  DEFAULT CHARSET=utf8 AUTO_INCREMENT=26 ;

--
-- Dumping data for table `dmsanpham`
--

INSERT INTO `dmsanpham` (`id_dm`, `ten_dm`, `stt`) VALUES
(1, 'MASSTEL', 0),
(2, 'MOBIISTAR', 2),
(3, 'ZONO', 3),
(4, 'LENOVO', 4),
(5, 'MASSGO', 1),
(7, 'MOTOROLA', 7),
(9, 'PHILIPS', 9),
(14, 'Kechaoda', 11),
(15, 'ZTE', 12),
(17, 'ASUS', 0),
(21, 'Xiaomi', 16),
(22, 'Titan', 17),
(24, 'Phụ kiện chính hãng 3K', 0),
(25, 'HOTWAV', 0);

-- --------------------------------------------------------

--
-- Table structure for table `khachhang`
--

DROP TABLE IF EXISTS `khachhang`;
CREATE TABLE IF NOT EXISTS `khachhang` (
  `kh_id` int(11) NOT NULL AUTO_INCREMENT,
  `kh_name` varchar(255) COLLATE utf8_unicode_ci NOT NULL,
  `kh_quanly` int(11) NOT NULL,
  `kh_thongtin` varchar(255) COLLATE utf8_unicode_ci NOT NULL,
  PRIMARY KEY (`kh_id`)
) ENGINE=InnoDB  DEFAULT CHARSET=utf8 COLLATE=utf8_unicode_ci AUTO_INCREMENT=18 ;

--
-- Dumping data for table `khachhang`
--

INSERT INTO `khachhang` (`kh_id`, `kh_name`, `kh_quanly`, `kh_thongtin`) VALUES
(12, 'Thúy Hiền', 6, '0963691968'),
(13, 'Thúy Hiền', 6, '0963691968'),
(14, 'Hoàn minh hiếu', 6, 'Lào cai'),
(15, 'Đức Huy', 3, ''),
(16, 'Điện thoại đen trắng', 3, 'Đầm Hà - Quảng Ninh'),
(17, 'Chị Yến Nhi', 4, '0988819069');

-- --------------------------------------------------------

--
-- Table structure for table `khachhang_gia`
--

DROP TABLE IF EXISTS `khachhang_gia`;
CREATE TABLE IF NOT EXISTS `khachhang_gia` (
  `kg_id` int(11) NOT NULL AUTO_INCREMENT,
  `kg_khachhang` int(11) NOT NULL,
  `kg_sanpham` int(11) NOT NULL,
  `kg_gia` int(11) NOT NULL,
  PRIMARY KEY (`kg_id`)
) ENGINE=InnoDB  DEFAULT CHARSET=utf8 COLLATE=utf8_unicode_ci AUTO_INCREMENT=860 ;

--
-- Dumping data for table `khachhang_gia`
--

INSERT INTO `khachhang_gia` (`kg_id`, `kg_khachhang`, `kg_sanpham`, `kg_gia`) VALUES
(1, 3, 1, 1),
(2, 3, 2, 1),
(3, 3, 3, 1),
(4, 3, 4, 1),
(5, 3, 5, 1),
(6, 3, 6, 1),
(7, 3, 7, 1),
(8, 3, 8, 1),
(9, 3, 9, 1),
(10, 3, 10, 1),
(11, 3, 11, 1),
(12, 3, 12, 1),
(13, 3, 13, 1),
(14, 3, 14, 1),
(15, 3, 15, 1),
(16, 3, 16, 1),
(17, 3, 17, 1),
(18, 3, 18, 1),
(19, 3, 19, 1),
(20, 3, 20, 1),
(21, 3, 21, 1),
(22, 3, 22, 1),
(23, 3, 23, 1),
(24, 3, 24, 1),
(25, 3, 25, 1),
(26, 3, 26, 1),
(27, 3, 27, 1),
(28, 3, 28, 2),
(29, 3, 29, 2),
(30, 3, 30, 2),
(31, 3, 31, 2),
(32, 3, 32, 2),
(33, 3, 33, 1),
(34, 3, 34, 1),
(35, 3, 35, 1),
(36, 3, 36, 1),
(37, 3, 37, 1),
(38, 4, 1, 1),
(39, 4, 2, 1),
(40, 4, 3, 1),
(41, 4, 4, 1),
(42, 4, 5, 1),
(43, 4, 6, 1),
(44, 4, 7, 1),
(45, 4, 8, 1),
(46, 4, 9, 1),
(47, 4, 10, 1),
(48, 4, 11, 1),
(49, 4, 12, 1),
(50, 4, 13, 1),
(51, 4, 14, 1),
(52, 4, 15, 1),
(53, 4, 16, 1),
(54, 4, 17, 1),
(55, 4, 18, 1),
(56, 4, 19, 1),
(57, 4, 20, 1),
(58, 4, 21, 1),
(59, 4, 22, 1),
(60, 4, 23, 1),
(61, 4, 24, 1),
(62, 4, 25, 1),
(63, 4, 26, 1),
(64, 4, 27, 1),
(65, 4, 28, 1),
(66, 4, 29, 1),
(67, 4, 30, 1),
(68, 4, 31, 1),
(69, 4, 32, 1),
(70, 4, 33, 1),
(71, 4, 34, 1),
(72, 4, 35, 1),
(73, 4, 36, 1),
(74, 4, 37, 1),
(75, 5, 1, 2),
(76, 5, 2, 2),
(77, 5, 3, 2),
(78, 5, 4, 2),
(79, 5, 5, 2),
(80, 5, 6, 1),
(81, 5, 7, 1),
(82, 5, 8, 1),
(83, 5, 9, 1),
(84, 5, 10, 1),
(85, 5, 11, 1),
(86, 5, 12, 1),
(87, 5, 13, 1),
(88, 5, 14, 1),
(89, 5, 15, 1),
(90, 5, 16, 1),
(91, 5, 32, 1),
(92, 5, 17, 3),
(93, 5, 18, 3),
(94, 5, 19, 3),
(95, 5, 20, 3),
(96, 5, 21, 3),
(97, 5, 22, 3),
(98, 5, 23, 1),
(99, 5, 24, 1),
(100, 5, 25, 1),
(101, 5, 26, 1),
(102, 5, 27, 1),
(103, 5, 28, 2),
(104, 5, 29, 2),
(105, 5, 30, 2),
(106, 5, 31, 2),
(107, 5, 33, 1),
(108, 5, 34, 1),
(109, 5, 35, 1),
(110, 5, 36, 1),
(111, 5, 37, 1),
(112, 6, 1, 3),
(113, 6, 2, 3),
(114, 6, 3, 3),
(115, 6, 4, 3),
(116, 6, 5, 3),
(117, 6, 6, 2),
(118, 6, 7, 2),
(119, 6, 8, 2),
(120, 6, 9, 2),
(121, 6, 10, 2),
(122, 6, 11, 2),
(123, 6, 12, 2),
(124, 6, 13, 2),
(125, 6, 14, 2),
(126, 6, 15, 2),
(127, 6, 16, 2),
(128, 6, 32, 2),
(129, 6, 17, 1),
(130, 6, 18, 1),
(131, 6, 19, 1),
(132, 6, 20, 1),
(133, 6, 21, 1),
(134, 6, 22, 1),
(135, 6, 23, 2),
(136, 6, 24, 2),
(137, 6, 25, 2),
(138, 6, 26, 2),
(139, 6, 27, 2),
(140, 6, 28, 1),
(141, 6, 29, 1),
(142, 6, 30, 1),
(143, 6, 31, 1),
(144, 6, 33, 1),
(145, 6, 34, 1),
(146, 6, 35, 1),
(147, 6, 36, 1),
(148, 6, 37, 1),
(149, 7, 1, 1),
(150, 7, 2, 1),
(151, 7, 3, 1),
(152, 7, 4, 1),
(153, 7, 5, 1),
(154, 7, 6, 1),
(155, 7, 7, 1),
(156, 7, 8, 1),
(157, 7, 9, 1),
(158, 7, 10, 1),
(159, 7, 11, 1),
(160, 7, 12, 3),
(161, 7, 13, 3),
(162, 7, 14, 3),
(163, 7, 15, 3),
(164, 7, 16, 3),
(165, 7, 32, 3),
(166, 7, 17, 1),
(167, 7, 18, 1),
(168, 7, 19, 1),
(169, 7, 20, 1),
(170, 7, 21, 1),
(171, 7, 22, 1),
(172, 7, 23, 1),
(173, 7, 24, 1),
(174, 7, 25, 1),
(175, 7, 26, 1),
(176, 7, 27, 1),
(177, 7, 28, 1),
(178, 7, 29, 1),
(179, 7, 30, 1),
(180, 7, 31, 1),
(181, 7, 33, 1),
(182, 7, 34, 1),
(183, 7, 35, 1),
(184, 7, 36, 1),
(185, 7, 37, 1),
(186, 8, 1, 5),
(187, 8, 2, 5),
(188, 8, 3, 5),
(189, 8, 4, 5),
(190, 8, 5, 5),
(191, 8, 38, 5),
(192, 8, 6, 3),
(193, 8, 7, 3),
(194, 8, 8, 3),
(195, 8, 9, 3),
(196, 8, 10, 3),
(197, 8, 11, 3),
(198, 8, 39, 3),
(199, 8, 12, 3),
(200, 8, 13, 3),
(201, 8, 14, 3),
(202, 8, 15, 3),
(203, 8, 16, 3),
(204, 8, 32, 3),
(205, 8, 17, 5),
(206, 8, 18, 5),
(207, 8, 19, 5),
(208, 8, 20, 5),
(209, 8, 21, 5),
(210, 8, 22, 5),
(211, 8, 23, 3),
(212, 8, 24, 3),
(213, 8, 25, 3),
(214, 8, 26, 3),
(215, 8, 27, 3),
(216, 8, 28, 5),
(217, 8, 29, 5),
(218, 8, 30, 5),
(219, 8, 31, 5),
(220, 8, 33, 2),
(221, 8, 34, 2),
(222, 8, 35, 2),
(223, 8, 36, 2),
(224, 8, 37, 2),
(225, 9, 1, 1),
(226, 9, 2, 1),
(227, 9, 3, 1),
(228, 9, 4, 1),
(229, 9, 5, 1),
(230, 9, 38, 1),
(231, 9, 6, 1),
(232, 9, 7, 1),
(233, 9, 8, 1),
(234, 9, 9, 1),
(235, 9, 10, 1),
(236, 9, 11, 1),
(237, 9, 39, 1),
(238, 9, 12, 1),
(239, 9, 13, 1),
(240, 9, 14, 1),
(241, 9, 15, 1),
(242, 9, 16, 1),
(243, 9, 32, 1),
(244, 9, 17, 1),
(245, 9, 18, 1),
(246, 9, 19, 1),
(247, 9, 20, 1),
(248, 9, 21, 1),
(249, 9, 22, 1),
(250, 9, 23, 1),
(251, 9, 24, 1),
(252, 9, 25, 1),
(253, 9, 26, 1),
(254, 9, 27, 1),
(255, 9, 28, 1),
(256, 9, 29, 1),
(257, 9, 30, 1),
(258, 9, 31, 1),
(259, 9, 33, 1),
(260, 9, 34, 1),
(261, 9, 35, 1),
(262, 9, 36, 1),
(263, 9, 37, 1),
(264, 10, 1, 5),
(265, 10, 2, 5),
(266, 10, 3, 5),
(267, 10, 4, 5),
(268, 10, 5, 5),
(269, 10, 38, 5),
(270, 10, 6, 4),
(271, 10, 7, 4),
(272, 10, 8, 4),
(273, 10, 9, 4),
(274, 10, 10, 4),
(275, 10, 11, 4),
(276, 10, 39, 4),
(277, 10, 12, 5),
(278, 10, 13, 5),
(279, 10, 14, 5),
(280, 10, 15, 5),
(281, 10, 16, 5),
(282, 10, 32, 5),
(283, 10, 17, 5),
(284, 10, 18, 5),
(285, 10, 19, 5),
(286, 10, 20, 5),
(287, 10, 21, 5),
(288, 10, 22, 5),
(289, 10, 23, 5),
(290, 10, 24, 5),
(291, 10, 25, 5),
(292, 10, 26, 5),
(293, 10, 27, 5),
(294, 10, 28, 5),
(295, 10, 29, 5),
(296, 10, 30, 5),
(297, 10, 31, 5),
(298, 10, 33, 1),
(299, 10, 34, 1),
(300, 10, 35, 1),
(301, 10, 36, 1),
(302, 10, 37, 1),
(303, 11, 13, 5),
(304, 11, 14, 5),
(305, 11, 15, 5),
(306, 11, 16, 5),
(307, 11, 17, 5),
(308, 11, 18, 5),
(309, 11, 19, 5),
(310, 11, 20, 5),
(311, 11, 21, 5),
(312, 11, 22, 5),
(313, 11, 23, 5),
(314, 11, 24, 5),
(315, 11, 25, 5),
(316, 11, 26, 5),
(317, 11, 27, 5),
(318, 11, 28, 5),
(319, 11, 29, 5),
(320, 11, 30, 5),
(321, 11, 31, 5),
(322, 11, 32, 5),
(323, 11, 33, 5),
(324, 11, 34, 5),
(325, 11, 35, 5),
(326, 11, 38, 5),
(327, 11, 40, 5),
(328, 11, 41, 5),
(329, 11, 42, 5),
(330, 11, 43, 1),
(331, 11, 44, 1),
(332, 11, 7, 1),
(333, 11, 8, 1),
(334, 11, 9, 1),
(335, 11, 10, 1),
(336, 11, 11, 1),
(337, 11, 12, 1),
(338, 11, 36, 1),
(339, 11, 37, 1),
(340, 11, 1, 1),
(341, 11, 2, 1),
(342, 11, 3, 1),
(343, 11, 4, 1),
(344, 11, 5, 1),
(345, 11, 6, 1),
(346, 12, 13, 5),
(347, 12, 14, 5),
(348, 12, 15, 5),
(349, 12, 16, 5),
(350, 12, 17, 5),
(351, 12, 18, 5),
(352, 12, 19, 5),
(353, 12, 20, 5),
(354, 12, 21, 5),
(355, 12, 22, 5),
(356, 12, 23, 5),
(357, 12, 24, 5),
(358, 12, 25, 5),
(359, 12, 26, 5),
(360, 12, 27, 5),
(361, 12, 28, 5),
(362, 12, 29, 5),
(363, 12, 30, 5),
(364, 12, 31, 5),
(365, 12, 32, 5),
(366, 12, 33, 5),
(367, 12, 34, 5),
(368, 12, 46, 5),
(369, 12, 7, 5),
(370, 12, 8, 5),
(371, 12, 9, 5),
(372, 12, 10, 5),
(373, 12, 11, 5),
(374, 12, 12, 5),
(375, 12, 1, 4),
(376, 12, 2, 4),
(377, 12, 3, 4),
(378, 12, 4, 4),
(379, 12, 5, 4),
(380, 12, 6, 4),
(381, 13, 13, 5),
(382, 13, 14, 5),
(383, 13, 15, 5),
(384, 13, 16, 5),
(385, 13, 17, 5),
(386, 13, 18, 5),
(387, 13, 19, 5),
(388, 13, 20, 5),
(389, 13, 21, 5),
(390, 13, 22, 5),
(391, 13, 23, 5),
(392, 13, 24, 5),
(393, 13, 25, 5),
(394, 13, 26, 5),
(395, 13, 27, 5),
(396, 13, 28, 5),
(397, 13, 29, 5),
(398, 13, 30, 5),
(399, 13, 31, 5),
(400, 13, 32, 5),
(401, 13, 33, 5),
(402, 13, 34, 5),
(403, 13, 46, 5),
(404, 13, 7, 5),
(405, 13, 8, 5),
(406, 13, 9, 5),
(407, 13, 10, 5),
(408, 13, 11, 5),
(409, 13, 12, 5),
(410, 13, 1, 4),
(411, 13, 2, 4),
(412, 13, 3, 4),
(413, 13, 4, 4),
(414, 13, 5, 4),
(415, 13, 6, 4),
(416, 14, 57, 4),
(417, 14, 58, 4),
(418, 14, 59, 4),
(419, 14, 60, 4),
(420, 14, 61, 4),
(421, 14, 62, 4),
(422, 14, 63, 4),
(423, 14, 64, 4),
(424, 14, 65, 4),
(425, 14, 66, 4),
(426, 14, 67, 4),
(427, 14, 68, 4),
(428, 14, 69, 4),
(429, 14, 70, 4),
(430, 14, 71, 4),
(431, 14, 72, 4),
(432, 14, 73, 4),
(433, 14, 74, 4),
(434, 14, 75, 4),
(435, 14, 76, 4),
(436, 14, 77, 4),
(437, 14, 78, 4),
(438, 14, 79, 4),
(439, 14, 80, 4),
(440, 14, 81, 4),
(441, 14, 82, 4),
(442, 14, 83, 4),
(443, 14, 84, 4),
(444, 14, 85, 4),
(445, 14, 55, 1),
(446, 14, 56, 1),
(447, 14, 86, 1),
(448, 14, 87, 1),
(449, 14, 88, 1),
(450, 14, 90, 1),
(451, 14, 91, 1),
(452, 14, 92, 1),
(453, 14, 93, 1),
(454, 14, 94, 1),
(455, 14, 49, 1),
(456, 14, 50, 1),
(457, 14, 51, 1),
(458, 14, 52, 1),
(459, 14, 53, 1),
(460, 14, 54, 1),
(461, 14, 57, 1),
(462, 14, 58, 1),
(463, 14, 59, 1),
(464, 14, 61, 1),
(465, 14, 63, 1),
(466, 14, 64, 1),
(467, 14, 65, 1),
(468, 14, 66, 1),
(469, 14, 67, 1),
(470, 14, 69, 1),
(471, 14, 71, 1),
(472, 14, 72, 1),
(473, 14, 73, 1),
(474, 14, 74, 1),
(475, 14, 76, 1),
(476, 14, 77, 1),
(477, 14, 78, 1),
(478, 14, 79, 1),
(479, 14, 80, 1),
(480, 14, 81, 1),
(481, 14, 83, 1),
(482, 14, 84, 1),
(483, 14, 132, 1),
(484, 14, 142, 1),
(485, 14, 143, 1),
(486, 14, 144, 1),
(487, 14, 145, 1),
(488, 14, 146, 1),
(489, 14, 147, 1),
(490, 14, 148, 1),
(491, 14, 149, 1),
(492, 14, 150, 1),
(493, 14, 151, 1),
(494, 14, 153, 1),
(495, 14, 154, 1),
(496, 14, 97, 1),
(497, 14, 98, 1),
(498, 14, 99, 1),
(499, 14, 100, 1),
(500, 14, 101, 1),
(501, 14, 102, 1),
(502, 14, 103, 1),
(503, 14, 104, 1),
(504, 14, 105, 1),
(505, 14, 106, 1),
(506, 14, 107, 1),
(507, 14, 108, 1),
(508, 14, 109, 1),
(509, 14, 110, 1),
(510, 14, 111, 1),
(511, 14, 112, 1),
(512, 14, 113, 1),
(513, 14, 115, 1),
(514, 14, 55, 1),
(515, 14, 56, 1),
(516, 14, 86, 1),
(517, 14, 87, 1),
(518, 14, 88, 1),
(519, 14, 90, 1),
(520, 14, 91, 1),
(521, 14, 92, 1),
(522, 14, 93, 1),
(523, 14, 94, 1),
(524, 14, 134, 4),
(525, 14, 135, 4),
(526, 14, 136, 4),
(527, 14, 137, 4),
(528, 14, 138, 4),
(529, 14, 139, 4),
(530, 14, 140, 4),
(531, 14, 155, 1),
(532, 14, 156, 1),
(533, 14, 157, 1),
(534, 14, 158, 1),
(535, 14, 159, 1),
(536, 14, 49, 1),
(537, 14, 141, 1),
(538, 14, 160, 1),
(539, 14, 161, 1),
(540, 14, 116, 1),
(541, 14, 117, 1),
(542, 14, 118, 1),
(543, 14, 119, 1),
(544, 14, 120, 1),
(545, 14, 121, 1),
(546, 14, 122, 1),
(547, 14, 123, 1),
(548, 14, 124, 1),
(549, 14, 125, 1),
(550, 14, 126, 1),
(551, 14, 127, 1),
(552, 14, 128, 1),
(553, 14, 129, 1),
(554, 14, 130, 1),
(555, 14, 133, 1),
(556, 14, 96, 1),
(557, 14, 131, 1),
(558, 15, 57, 4),
(559, 15, 58, 4),
(560, 15, 59, 4),
(561, 15, 61, 4),
(562, 15, 63, 4),
(563, 15, 64, 4),
(564, 15, 65, 4),
(565, 15, 66, 4),
(566, 15, 67, 4),
(567, 15, 69, 4),
(568, 15, 71, 4),
(569, 15, 73, 4),
(570, 15, 76, 4),
(571, 15, 77, 4),
(572, 15, 78, 4),
(573, 15, 79, 4),
(574, 15, 80, 4),
(575, 15, 81, 4),
(576, 15, 83, 4),
(577, 15, 84, 4),
(578, 15, 132, 4),
(579, 15, 142, 4),
(580, 15, 143, 4),
(581, 15, 144, 4),
(582, 15, 145, 4),
(583, 15, 146, 4),
(584, 15, 147, 4),
(585, 15, 148, 4),
(586, 15, 149, 4),
(587, 15, 150, 4),
(588, 15, 151, 4),
(589, 15, 154, 4),
(590, 15, 163, 4),
(591, 15, 164, 4),
(592, 15, 165, 4),
(593, 15, 166, 4),
(594, 15, 167, 4),
(595, 15, 168, 4),
(596, 15, 169, 4),
(597, 15, 170, 4),
(598, 15, 97, 4),
(599, 15, 98, 4),
(600, 15, 99, 4),
(601, 15, 100, 4),
(602, 15, 101, 4),
(603, 15, 102, 4),
(604, 15, 103, 4),
(605, 15, 104, 4),
(606, 15, 105, 4),
(607, 15, 106, 4),
(608, 15, 107, 4),
(609, 15, 108, 4),
(610, 15, 109, 4),
(611, 15, 110, 4),
(612, 15, 111, 4),
(613, 15, 112, 4),
(614, 15, 113, 4),
(615, 15, 115, 4),
(616, 15, 55, 3),
(617, 15, 56, 3),
(618, 15, 86, 3),
(619, 15, 87, 3),
(620, 15, 88, 3),
(621, 15, 90, 3),
(622, 15, 91, 3),
(623, 15, 92, 3),
(624, 15, 93, 3),
(625, 15, 94, 3),
(626, 15, 134, 5),
(627, 15, 135, 5),
(628, 15, 136, 5),
(629, 15, 137, 5),
(630, 15, 138, 5),
(631, 15, 139, 5),
(632, 15, 140, 5),
(633, 15, 155, 1),
(634, 15, 156, 1),
(635, 15, 157, 1),
(636, 15, 158, 1),
(637, 15, 159, 1),
(638, 15, 49, 5),
(639, 15, 141, 5),
(640, 15, 160, 5),
(641, 15, 161, 1),
(642, 15, 116, 1),
(643, 15, 117, 1),
(644, 15, 118, 1),
(645, 15, 119, 1),
(646, 15, 120, 1),
(647, 15, 121, 1),
(648, 15, 122, 1),
(649, 15, 123, 1),
(650, 15, 124, 1),
(651, 15, 125, 1),
(652, 15, 126, 1),
(653, 15, 127, 1),
(654, 15, 128, 1),
(655, 15, 129, 1),
(656, 15, 130, 1),
(657, 15, 133, 1),
(658, 15, 162, 1),
(659, 15, 96, 1),
(660, 15, 131, 1),
(661, 16, 58, 3),
(662, 16, 59, 3),
(663, 16, 66, 3),
(664, 16, 69, 3),
(665, 16, 71, 3),
(666, 16, 73, 3),
(667, 16, 77, 3),
(668, 16, 78, 3),
(669, 16, 79, 3),
(670, 16, 83, 3),
(671, 16, 84, 3),
(672, 16, 132, 3),
(673, 16, 143, 3),
(674, 16, 144, 3),
(675, 16, 145, 3),
(676, 16, 147, 3),
(677, 16, 148, 3),
(678, 16, 149, 3),
(679, 16, 154, 3),
(680, 16, 164, 3),
(681, 16, 166, 3),
(682, 16, 167, 3),
(683, 16, 168, 3),
(684, 16, 169, 3),
(685, 16, 170, 3),
(686, 16, 177, 3),
(687, 16, 178, 3),
(688, 16, 181, 3),
(689, 16, 182, 3),
(690, 16, 183, 3),
(691, 16, 97, 3),
(692, 16, 99, 3),
(693, 16, 100, 3),
(694, 16, 101, 3),
(695, 16, 102, 3),
(696, 16, 103, 3),
(697, 16, 104, 3),
(698, 16, 105, 3),
(699, 16, 106, 3),
(700, 16, 107, 3),
(701, 16, 108, 3),
(702, 16, 109, 3),
(703, 16, 110, 3),
(704, 16, 111, 3),
(705, 16, 112, 3),
(706, 16, 115, 3),
(707, 16, 180, 3),
(708, 16, 55, 3),
(709, 16, 87, 3),
(710, 16, 88, 3),
(711, 16, 91, 3),
(712, 16, 92, 3),
(713, 16, 93, 3),
(714, 16, 94, 3),
(715, 16, 134, 3),
(716, 16, 135, 3),
(717, 16, 136, 3),
(718, 16, 137, 3),
(719, 16, 138, 3),
(720, 16, 139, 3),
(721, 16, 140, 3),
(722, 16, 185, 3),
(723, 16, 155, 3),
(724, 16, 156, 3),
(725, 16, 157, 3),
(726, 16, 158, 3),
(727, 16, 159, 3),
(728, 16, 160, 3),
(729, 16, 172, 3),
(730, 16, 161, 3),
(731, 16, 116, 3),
(732, 16, 117, 3),
(733, 16, 118, 3),
(734, 16, 119, 3),
(735, 16, 120, 3),
(736, 16, 121, 3),
(737, 16, 122, 3),
(738, 16, 124, 3),
(739, 16, 125, 3),
(740, 16, 127, 3),
(741, 16, 128, 3),
(742, 16, 129, 3),
(743, 16, 130, 3),
(744, 16, 133, 3),
(745, 16, 162, 3),
(746, 16, 184, 3),
(747, 16, 96, 3),
(748, 16, 131, 3),
(749, 16, 176, 3),
(750, 16, 173, 3),
(751, 16, 174, 3),
(752, 16, 175, 3),
(753, 16, 171, 3),
(754, 16, 179, 3),
(755, 17, 58, 3),
(756, 17, 59, 3),
(757, 17, 66, 3),
(758, 17, 69, 3),
(759, 17, 77, 3),
(760, 17, 78, 3),
(761, 17, 79, 3),
(762, 17, 84, 3),
(763, 17, 132, 3),
(764, 17, 143, 3),
(765, 17, 144, 3),
(766, 17, 145, 3),
(767, 17, 147, 3),
(768, 17, 148, 3),
(769, 17, 149, 3),
(770, 17, 154, 3),
(771, 17, 164, 3),
(772, 17, 166, 3),
(773, 17, 168, 3),
(774, 17, 169, 3),
(775, 17, 170, 3),
(776, 17, 177, 3),
(777, 17, 178, 3),
(778, 17, 181, 3),
(779, 17, 183, 3),
(780, 17, 200, 3),
(781, 17, 201, 3),
(782, 17, 202, 3),
(783, 17, 204, 3),
(784, 17, 99, 3),
(785, 17, 100, 3),
(786, 17, 101, 3),
(787, 17, 102, 3),
(788, 17, 103, 3),
(789, 17, 104, 3),
(790, 17, 105, 3),
(791, 17, 106, 3),
(792, 17, 107, 3),
(793, 17, 108, 3),
(794, 17, 109, 3),
(795, 17, 110, 3),
(796, 17, 111, 3),
(797, 17, 112, 3),
(798, 17, 115, 3),
(799, 17, 180, 3),
(800, 17, 55, 3),
(801, 17, 87, 3),
(802, 17, 88, 3),
(803, 17, 91, 3),
(804, 17, 92, 3),
(805, 17, 93, 3),
(806, 17, 94, 3),
(807, 17, 134, 3),
(808, 17, 135, 3),
(809, 17, 136, 3),
(810, 17, 137, 3),
(811, 17, 138, 3),
(812, 17, 139, 3),
(813, 17, 140, 3),
(814, 17, 185, 3),
(815, 17, 203, 3),
(816, 17, 155, 3),
(817, 17, 156, 3),
(818, 17, 157, 3),
(819, 17, 158, 3),
(820, 17, 159, 3),
(821, 17, 199, 3),
(822, 17, 161, 3),
(823, 17, 116, 3),
(824, 17, 117, 3),
(825, 17, 118, 3),
(826, 17, 119, 3),
(827, 17, 120, 3),
(828, 17, 121, 3),
(829, 17, 122, 3),
(830, 17, 124, 3),
(831, 17, 125, 3),
(832, 17, 127, 3),
(833, 17, 128, 3),
(834, 17, 129, 3),
(835, 17, 130, 3),
(836, 17, 133, 3),
(837, 17, 162, 3),
(838, 17, 184, 3),
(839, 17, 96, 3),
(840, 17, 131, 3),
(841, 17, 176, 3),
(842, 17, 173, 3),
(843, 17, 174, 3),
(844, 17, 175, 3),
(845, 17, 171, 3),
(846, 17, 179, 3),
(847, 17, 186, 3),
(848, 17, 187, 3),
(849, 17, 188, 3),
(850, 17, 189, 3),
(851, 17, 190, 3),
(852, 17, 191, 3),
(853, 17, 192, 3),
(854, 17, 193, 3),
(855, 17, 194, 3),
(856, 17, 195, 3),
(857, 17, 196, 3),
(858, 17, 197, 3),
(859, 17, 198, 3);

-- --------------------------------------------------------

--
-- Table structure for table `sanpham`
--

DROP TABLE IF EXISTS `sanpham`;
CREATE TABLE IF NOT EXISTS `sanpham` (
  `id_sp` int(10) NOT NULL AUTO_INCREMENT,
  `id_dm` int(10) NOT NULL,
  `ten_sp` varchar(255) COLLATE utf8_unicode_ci NOT NULL,
  `anh_sp` varchar(255) COLLATE utf8_unicode_ci NOT NULL,
  `gia_sp` int(10) NOT NULL,
  `gia_sp_2` int(11) NOT NULL,
  `gia_sp_3` int(11) NOT NULL,
  `gia_sp_4` int(11) NOT NULL,
  `gia_sp_5` int(11) NOT NULL,
  `bao_hanh` varchar(255) COLLATE utf8_unicode_ci NOT NULL,
  `phu_kien` varchar(255) COLLATE utf8_unicode_ci NOT NULL,
  `tinh_trang` varchar(255) COLLATE utf8_unicode_ci NOT NULL,
  `khuyen_mai` varchar(255) COLLATE utf8_unicode_ci NOT NULL,
  `trang_thai` int(11) NOT NULL DEFAULT '1' COMMENT '1=con hang, 2= tam het, 0 = het',
  `color` varchar(255) COLLATE utf8_unicode_ci NOT NULL,
  `is_new` tinyint(4) NOT NULL DEFAULT '0',
  `dac_biet` int(1) NOT NULL,
  `chi_tiet_sp` text COLLATE utf8_unicode_ci NOT NULL,
  PRIMARY KEY (`id_sp`)
) ENGINE=InnoDB  DEFAULT CHARSET=utf8 COLLATE=utf8_unicode_ci AUTO_INCREMENT=220 ;

--
-- Dumping data for table `sanpham`
--

INSERT INTO `sanpham` (`id_sp`, `id_dm`, `ten_sp`, `anh_sp`, `gia_sp`, `gia_sp_2`, `gia_sp_3`, `gia_sp_4`, `gia_sp_5`, `bao_hanh`, `phu_kien`, `tinh_trang`, `khuyen_mai`, `trang_thai`, `color`, `is_new`, `dac_biet`, `chi_tiet_sp`) VALUES
(55, 3, 'N110', '', 249000, 190000, 180000, 180000, 180000, '', '', '', '', 1, 'Black, Blue, Coffe, Grey, Red', 1, 0, '<p>MH 1.77&quot;, <em><strong>Pin 1000 mAh</strong></em>, FM, ghi &acirc;m, 2 Sim 2 s&oacute;ng</p>'),
(58, 1, 'N456', '', 1090000, 830000, 810000, 800000, 790000, '', '', '', '', 1, 'White, Green, Black, Gold', 0, 0, '<p>LCD 4.5&quot;, Quad core 1.2G, Ram 512 Mb, Rom 4G, Camera VGA/3.2 MP, Pin 1.800 mAh</p>'),
(59, 1, 'N460', '', 1090000, 820000, 800000, 790000, 780000, '', '', '', '', 2, 'Black', 0, 0, '<p>LCD 4.5&quot;, Quad core 1.2G, Ram 512 Mb, Rom 8G, Camera VGA/3.2 MP, Pin 2.000 mAh</p>'),
(69, 1, 'N580', 'Slide2.JPG', 1790000, 1390000, 1320000, 1300000, 1290000, '', '', '', 'Ốp lưng, Tặng Áo mưa', 1, 'Gold, Silver', 1, 0, '<p>HD IPS 5&quot;, Quad core 1.3G, Ram 1G, Rom 8G, Camera 8/3.2 MP, Pin 2.000 mAh.<em><strong> Vỏ kim loại cắt CNC tinh tế mỏng 8.5 mm</strong></em></p>'),
(78, 1, 'F10', 'Slide5.JPG', 410000, 400000, 395000, 390000, 385000, '', '', '', '', 1, 'Gold, White', 0, 0, '<p>MH 2.4&quot;, Pin 1.000 mAh, <em><strong>M&aacute;y gập</strong></em>, Camera VGA</p>'),
(79, 1, 'F20', 'Slide5.JPG', 790000, 560000, 560000, 555000, 550000, '', '', '', '', 1, 'Black; Navi blue; ', 0, 0, '<p><em><strong>M&aacute;y gập 2 M&agrave;n H&igrave;nh</strong></em> : Ch&iacute;nh 2.4&quot;, Ngo&agrave;i 1.77&quot;, Pin 1.000 mAh,&nbsp;</p>'),
(87, 3, 'N130', '', 299000, 210000, 190000, 190000, 190000, '', '', '', '', 1, 'Black, Blue, Grey, Red', 0, 0, '<p>MH 1.77&quot;, Pin 1.000 mAh, Camera VGA, FM, Ghi &acirc;m</p>'),
(88, 3, 'N200', '', 349000, 270000, 250000, 235000, 220000, '', '', '', '', 1, 'Black, Blue, Grey, Red', 0, 0, '<p>MH 2.4&quot;; Pin 1500 mAh; Camera VGA, FM, Ghi &acirc;m, Bluetooth, GPRS</p>'),
(91, 3, 'N260', '', 399000, 280000, 350000, 350000, 350000, '', '', '', 'Mỗi máy tặng 1 bình siêu tốc. Gói 20 máy tặng 1 lẩu điện', 1, 'Black, Blue, Coffee, Red, Silver', 0, 0, '<p><em><strong><span style="background-color: yellow;">M&agrave;n H&igrave;nh cong 2.4&quot;, </span></strong></em>Pin 1500mAh, Camera VGA, FM, ghi &acirc;m</p>'),
(92, 3, 'N268', '', 499000, 320000, 300000, 285000, 285000, '', '', '', '', 1, 'Black, Gold, Coffee', 0, 0, '<p><em><strong><span style="font-size: 16px; line-height: 30px; text-align: center; text-transform: capitalize;">M&aacute;y Người Gi&agrave;;</span></strong></em><span style="font-size: 16px; line-height: 30px; text-align: center; text-transform: capitalize;">&nbsp;MH 2.4&quot;; Pin 2.000 MAh; Ph&iacute;m Số Lớn; Gọi Khấn Cấp SOS; Loa To; FM kh&ocirc;ng cần tai nghe</span></p>'),
(93, 3, 'Grand 1', '', 499000, 330000, 310000, 300000, 300000, '', '', '', '', 1, 'Black, Coffee, Gold', 0, 0, '<p>M&aacute;y Người Gi&agrave;; MH 2.2&quot;; Pin 2.000 MAh; Ph&iacute;m Số Lớn; Gọi Khấn Cấp SOS; Loa To; FM Kh&ocirc;ng Cần Tai Nghe</p>'),
(96, 17, 'Zenfone 2 551ML', 'asus-zenfone-2-23ghz-4g-32g-1-1.jpg', 3190000, 3071000, 3010000, 2980000, 2950000, '', '', '', '', 1, 'Gold,  black', 0, 0, '<p>Full HD 5.5&quot;, Cpu l&otilde;i tứ 2.3 Ghz, <em><strong>Ram 4GB, Rom 32GB</strong></em>, Camera 13.0 Mp,<em><strong> Pin 3.000 mAh</strong></em></p>'),
(99, 2, 'B245', 'Untitled-1.jpg', 310000, 245000, 235000, 230000, 225000, '', '', '', '', 2, 'White Blue (Trắng viền xanh)', 0, 0, '<p>QVGA 2.4&quot;; Pin 1200mAh</p>'),
(100, 2, 'B247', '247.png', 0, 350000, 330000, 325000, 320000, '', '', '', '', 2, 'White Gold, White Silver', 0, 0, '<p>QVGA 2.4&quot;; <em><strong>Pin 2600mAh, Ki&ecirc;m sạc dự ph&ograve;ng</strong></em></p>'),
(101, 2, 'B248', '', 399000, 290000, 270000, 265000, 260000, '', '', '', '', 2, 'White Blue', 0, 0, '<p>QVGA 2.4&quot;; Pin 1000mAh</p>'),
(103, 2, 'Kool lite', 'Mobiistar-Kool-lite-2.png', 0, 890000, 840000, 830000, 820000, '', '', '', '', 1, 'Black; White, Gold', 0, 0, '<p>FWVGA 4.5&quot;; CPU 4x1.3GHz; RAM 512MG; ROM 4GB; Camera 2MP; Pin 1750mAh</p>'),
(104, 2, 'Lai Z1', '635866608374690362_z1-g1 - Sao.jpg', 1190000, 1090000, 1070000, 1060000, 1050000, '', '', '', '', 1, 'Gold; Grey, White', 0, 0, '<p>FWVGA 5.0&quot;; CPU 2x1.3GHz; RAM 512MB; ROM 8GB; Camera 5MP; Pin 2300mAh</p>'),
(105, 2, 'Lai Zoro 2', '100000_mobiistar-lai-zoro-2-2.jpg', 1390000, 1200000, 1155000, 1140000, 1130000, '', '', '', '', 1, 'Gold, Black (còn ít)', 0, 0, '<p>FWVGA 5.0&quot;; CPU 4x1.3GHz; RAM 1GB; ROM 8GB; Camera 5MP; Pin 2200mAh</p>'),
(106, 2, 'Lai Zumbo S', '', 2990000, 2600000, 2500000, 2475000, 2450000, '', '', '', '', 2, 'White', 0, 0, '<p>HD 5.5&quot;; CPU 4x1.3GHz; RAM 3GB; ROM 16GB; Camera 13MP; Pin 2800mAh</p>'),
(107, 2, 'Lai Yuki', 'gold.jpg', 0, 2120000, 2080000, 2070000, 2050000, '', '', '', '', 2, 'Còn Silver', 0, 0, '<p>HD 5&quot;; CPU 4x1.3GHz; RAM 2GB; ROM 16GB; Camera 8MP; Pin 2200mAh</p>'),
(108, 2, 'Lai Yuna', 'black.jpg', 1790000, 1450000, 1410000, 1395000, 1380000, '', '', '', '', 1, 'White', 1, 0, '<p>HD 5&quot;; CPU 4x1.2GHz; RAM 1GB; ROM 8GB; Camera 8Mp; Pin 2500mAh</p>'),
(109, 2, 'Lai Yuna C', 'Mobiistar-LAI-Yuna-C-1.png', 0, 1350000, 1325000, 1310000, 1290000, '', '', '', '', 1, 'Black (còn ít)', 0, 0, '<p>HD 5&quot;; CPU 4x1.3GHz; RAM 1GB; ROM 8GB; Camera 5MP; Pin 2200mAh</p>'),
(110, 2, 'Lai Yuna S', '', 0, 1750000, 1700000, 1685000, 1670000, '', '', '', 'Tặng balo Mobiistar', 2, 'Black, Rose Gold', 0, 0, '<p>HD 5&quot;; CPU 4x1.3GHz; RAM 1GB; ROM 8GB; Camera 8MP; <strong>Pin 3000mAh</strong></p>'),
(111, 2, 'lai Zumbo J', '100000_mobiistar-lai-zumbo-j-1.jpg', 0, 1930000, 1880000, 1870000, 1850000, '', '', '', '', 2, '', 0, 0, '<p>HD 5.2&quot;; CPU 4x1.3GHz; RAM 2GB; ROM 16GB; Camera 8MP; Pin 2500mAh</p>'),
(112, 2, 'Lai Zumbo', '', 0, 1700000, 1680000, 1665000, 1650000, '', '', '', 'Tặng balo Mobiistar', 1, 'Còn White', 0, 0, '<p>HD 5.5&quot;; CPU 4x1.2GHz; RAM 2GB; ROM 16GB; Camera 8MP; Pin 3000mAh</p>'),
(115, 2, 'Prime X Grand', '', 0, 2800000, 2560000, 2530000, 2500000, '', '', '', '', 1, 'Gold, Silver (còn ít)', 1, 0, '<p>Full HD 5.5 inches; CPU 64 bit 8x1.3GHz; <em><strong>RAM 3GB, ROM 16GB</strong></em>; Camera 13MP; Pin 3200mAh; <em><strong>Nh&ocirc;m nguy&ecirc;n khối</strong></em></p>'),
(116, 9, 'E105', 'sau.jpg', 290000, 275000, 265000, 260000, 256000, '', '', '', '', 1, 'Black, Blue', 0, 0, '<p>MH 1.7&quot;, Pin 800mAh</p>'),
(117, 9, 'E160', 'truoc.jpg', 590000, 495000, 490000, 485000, 480000, '', '', '', '', 1, 'Black', 0, 0, '<p>MH 2.4&quot;, Pin 1600mAh</p>'),
(118, 9, 'E170', '48ff71cd-19b7-40af-9b4d-7bc9ad5f82e2.jpg', 890000, 755000, 765000, 745000, 735000, '', '', '', '', 1, 'Black, White, Gold', 0, 0, '<p>MH 2.4&quot;, Pin 2070mAh,<em><strong> </strong><span style="background-color: yellow;"><strong>Bluetooth Phone</strong></span></em></p>'),
(119, 9, 'E220', '', 890000, 765000, 755000, 745000, 735000, '', '', '', '', 1, 'Black', 0, 0, '<p>MH 1.7&quot;, Pin 1000mAh</p>'),
(120, 9, 'E181', '', 850000, 705000, 695000, 685000, 675000, '', '', '', '', 1, 'Black; Black Gold', 0, 0, '<p>MH 2.4&quot;, <em><strong>Pin 3100mAh Ki&ecirc;m sạc dự ph&ograve;ng</strong></em></p>'),
(121, 9, 'E310', 'philips-e310-grey.png', 1290000, 1100000, 1085000, 1075000, 1065000, '', '', '', '', 1, 'Grey', 0, 0, '<p><em><strong>M&agrave;n h&igrave;nh lớn 2.4&quot;</strong></em>; Pin 1630mAh, B&agrave;n Ph&iacute;m to, <em><span style="background-color: yellow;">C&oacute; SOS cho người cao tuổi</span></em>, FM, Ghi &acirc;m</p>'),
(122, 9, 'E311', 'truoc.jpg', 1290000, 1025000, 995000, 975000, 965000, '', '', '', '', 1, 'Navy Blue', 0, 0, '<p><em><strong>M&agrave;n h&igrave;nh lớn 2.4&quot;</strong></em>; Pin 1530mAh, Ph&iacute;m to, Loa to, <em><span style="background-color: yellow;">SOS cho người cao tuổi,</span></em> FM, ghi &acirc;m</p>'),
(124, 9, 'S307', '', 999000, 865000, 840000, 830000, 820000, '', '', '', '', 1, 'Black Yellow, Black Grey', 0, 0, '<p>MH 4&quot;; CPU 4x1.3GHz; RAM 512MB; ROM 4G; Camera 2MP; Pin 1630mAh</p>'),
(125, 9, 'S358', '12-8-201524-7198-1439430969.jpg', 1990000, 1720000, 1690000, 1670000, 1650000, '', '', '', '', 1, 'Black, Gold còn ít', 0, 0, '<p><em><strong>qHD 5.0&quot;</strong></em>; CPU 4x1.3GHz; RAM 1GB; ROM 8GB; Camera 8MP; <em><strong>Chuy&ecirc;n gia Selfie 8MP</strong></em>; Pin 2300mAh</p>'),
(127, 9, 'V387', 'truoc.jpg', 2990000, 2490000, 2410000, 2390000, 2350000, '', '', '', 'Tặng túi xách Philips', 1, 'Black, white', 0, 0, '<p>HD 5.0&quot;; CPU 4x1.3GHz;<strong><span style="background-color: yellow;"> RAM 2GB; ROM 16GB</span></strong>; Camera 8.0MP; <strong>Pin 4400mAh</strong></p>'),
(128, 9, 'v377', 'ngang2.jpg', 2690000, 2290000, 2250000, 2240000, 2230000, '', '', '', '', 1, 'Black', 0, 0, '<p>HD 5.0&quot;; CPU 4x1.3GHz: RAM 1GB; ROM 8GB; Camera 5MP; <strong><span style="background-color: yellow;">Pin 5000mAh</span></strong></p>'),
(129, 9, 'I908', '2541598_image001.jpg', 3190000, 2550000, 2460000, 2430000, 2400000, '', '', '', 'Tặng bao da', 1, 'Black, White', 0, 0, '<p>Full HD 5.0&quot;; CPU 8x1.7GHz; RAM 2GB; ROM 16GB; Camera 13MP; <em><strong>Pin 3000mAh</strong></em></p>'),
(130, 9, 'S616', 'smartphone-philips-s616.jpg', 4790000, 4130000, 4050000, 3990000, 3960000, '', '', '', '', 1, 'Dark Grey', 0, 0, '<p><em><strong>M&agrave;n h&igrave;nh chống l&oacute;a</strong></em> FHD 5.5&quot;; CPU 8x1.3GHz; RAM 2GB; ROM 16GB; Camera 13MP; <em><strong>Pin 3000mAh</strong></em></p>'),
(131, 17, 'Zenfone 3 Max ZC520TL', 'zenfone 3max.jpg', 4490000, 3837000, 3799000, 3701000, 3661000, '', '', '', '', 1, 'Gold, Silver', 0, 0, '<p>HD 5.2&quot;, Cpu 4x1.3 Ghz,<em><strong> Ram 3GB, Rom 32 GB, Camera 13.0 Mp</strong></em>, <em><strong>Pin 4130 mAh</strong></em></p>'),
(132, 1, 'N590', 'Slide2.JPG', 1590000, 1290000, 1270000, 1260000, 1250000, '', '', '', 'Ốp lưng', 1, 'Champagne, Gray, Silver', 0, 0, '<p>HD IPS 5&quot;, Quad core 1.3G, Ram 1G, Rom 8G,<u><em><strong> Camera ch&iacute;nh 10 Mp Flasht AF, Camera trước 5 Mp </strong></em></u><span style="color: rgb(255, 0, 0);"><u><em><strong>Smart phone chuy&ecirc;n Selfe</strong></em></u>.</span> Pin 2.500 mAh</p>'),
(133, 9, 'E103', 'sau.jpg', 320000, 295000, 285000, 282000, 280000, '', '', '', '', 1, 'Black, Red', 0, 0, '<p>MH 1.7&quot;; <em><strong>Pin 1050mAh</strong></em></p>'),
(135, 4, 'Vibe K5', 'Untitled-1.jpg', 3490000, 2890000, 2850000, 2820000, 2792000, '', '', '', '', 1, 'Grey', 0, 0, '<p>HD 5&quot;; CPU 8x1.4GHz; RAM 2GB; ROM 16GB; Camera 13MP; Pin 2750mAh</p>'),
(137, 4, 'K4 Note', 'sau.jpg', 4990000, 4090000, 4050000, 4020000, 4000000, '', '', '', '', 1, 'Black', 0, 0, '<p>Full HD 5.5&quot;; CPU 8x1.3GHz; RAM 3GB; ROM 16GB; Camera 13MP; Pin 3300mAh</p>'),
(138, 4, 'Vibe S1', 'lenovo-vibe-s1-16gb-2-sim-vang-4495-5468271-1-webp-zoom.jpg', 4990000, 4490000, 4450000, 4430000, 4400000, '', '', '', '', 1, 'Gold, Black, White', 0, 0, '<p>Full HD 5&quot;; CPU 8x1.7GHz; RAM 3GB; ROM 32GB; Camera 8MP; Pin 2420mAh</p>'),
(139, 4, 'Vibe S1 Lite', 'Lenovo-Vibe-S1-Lite1.jpg', 3990000, 2750000, 2650000, 2620000, 2600000, '', '', '', 'Mỗi máy 1 xạc dự phòng Xiaomi 10000mAh chính hãng', 1, 'White', 1, 0, '<p>Full HD 5.0&quot;; CPU 8x1.3GHz; RAM 2GB; ROM 16GB; Camera 13MP; Pin 2700mAh</p>'),
(140, 4, 'Vibe P1 Pro', 'sau.jpg', 5990000, 5190000, 4890000, 4850000, 4800000, '', '', '', '', 1, 'Gold, Silver, Grey', 0, 0, '<p>Full HD 5.5&quot;; CPU 8x1.5; RAM 3GB; ROM 32GB; Camera 15MP; Pin 5000mAh</p>'),
(144, 1, 'I255', '', 499000, 300000, 290000, 287000, 285000, '', '', '', '', 1, 'Black gold, White gold', 0, 0, '<p>MH 2.4&quot; LCD, Pin 1.800 mAh, Camera VGA, Dạng thanh socola</p>'),
(145, 1, 'I400', '', 599000, 350000, 340000, 335000, 330000, '', '', '', '', 1, 'Red', 0, 0, '<p>MH 2.4&quot; QVGA,&nbsp;<em><strong>Pin 4.000 mAh, Ki&ecirc;m xạc dự ph&ograve;ng</strong></em></p>'),
(147, 1, 'Tab 715', '', 1890000, 1480000, 1450000, 1440000, 1430000, '', '', '', 'Bao da, SIM 3G', 2, 'Gold, Rose', 0, 0, '<p>IPS 7&quot;, Intel Atom X3 1.0GHz ,<em><strong> Ram 1.5G, Rom 8G</strong></em>, Camera 3.2/VGA MP, Pin 3.000 mAh <em><strong>Khung kim loại cắt CNC sang trọng</strong></em></p>'),
(148, 1, 'Tab 825', '', 2490000, 1990000, 1950000, 1940000, 1930000, '', '', '', 'Bao da, SIM 3G', 1, 'Gold, Silver', 0, 0, '<p>IPS 8&quot;, Intel Atom X3 1.0GHz ,<em><strong> Ram 1.5G, Rom 8G</strong></em>, Camera 5/2 MP, Pin 3.700 mAh <em><strong>Khung kim loại CNC sang trọng</strong></em></p>'),
(149, 1, 'Tab 706', '', 1690000, 1310000, 1330000, 1320000, 1310000, '', '', '', 'Bao da, SIM 3G', 2, 'Black, White', 0, 0, '<p>LCD 7&quot;; Quad Core 1.3GHz; Ram 1G; Rom 8G; Camera 2/2 MP; Pin 2.800mAh</p>'),
(154, 1, 'N406', 'N4062.png', 899000, 720000, 695000, 690000, 680000, '', '', '', 'Tặng Bình Siêu Tốc', 1, 'Black-gold, Black-silver, Grey-Silver, White-gold', 0, 0, '<p>LCD 4 &quot;, MT6572M Dual Core 1.0GHz , Ram 512 Mb, Rom 4G, Camera VGA/3.2 MP, <span style="background-color: yellow;"><em><strong>Pin 2.000 mAh</strong></em></span></p>'),
(155, 5, 'One', '', 1990000, 1450000, 1390000, 1390000, 1380000, '', '', '', 'Ốp lưng', 1, 'White, champagne', 1, 0, '<p>HD IPS 5&quot; cong 2,5D, Quad Core 1G, Ram 1G, Rom 8G, Camera FLASH k&eacute;p 8/3.2 Mp, Pin 3.000 mAh. <span style="background-color: yellow;"><em><strong>Camera selfie đẹp nhất.</strong></em></span></p>'),
(157, 5, 'Vi2s', '', 2390000, 1900000, 1865000, 1845000, 1830000, '', '', '', 'Bình Siêu Tốc', 1, 'Black, White', 0, 0, '<p>HD IPS 5 &quot;, 1.3GHz Quad-core, Ram 1G, Rom 8G, Camera 8 / 3.2 Mp, Pin 2.300 MAh</p>'),
(158, 5, 'Vi5', '', 2790000, 2300000, 2255000, 2235000, 2210000, '', '', '', 'Bình Siêu Tốc', 1, 'Gold, Grey', 0, 0, '<p>HD IPS 5&quot;,  1.3 GHz Quad-core, Ram 2G, Rom 16G, Camera 8 / 3.2 Mp, Pin 2.300 MAh</p>'),
(159, 5, 'Vi5 Plus', '', 3090000, 2600000, 2550000, 2525000, 2500000, '', '', '', 'Bình Siêu Tốc', 1, 'Gold, Grey', 0, 0, '<p>HD IPS 5.5&quot; Cong 2.5D,  1.3 GHz Quad-core, Ram 2G, Rom 16G, Camera 8 / 3.2 Mp, Pin 3000 MAh</p>'),
(161, 7, 'X Style', 'capnhat-Moto-X-Pure-Edition_4.jpg', 8900000, 6350000, 6050000, 5990000, 5900000, '', '', '', '', 1, 'Black, Bamboo', 0, 0, '<p><em><strong>Quad HD IPS 5.7&quot; (2K),</strong></em>&nbsp;Qualcomm 64 bit&nbsp;<em><strong>6x1.8GHz; RAM 3GB; ROM 32GB</strong></em>; <span style="background-color: yellow;"><strong>Camera 21Mp/5Mp</strong></span>;<em><strong> Pin 3000mAh sạc nhanh. 4G LTE, Android 6.0&nbsp;</strong></em></p>'),
(166, 1, 'A22', '', 329000, 220000, 210000, 205000, 200000, '', '', '', '', 1, 'Black, Orange, Blue, Red', 1, 0, '<p>MH 2.2&quot;; Pin 800 MAh; Camera VGA; 2 Sim; <em><strong>Bluetooth; MP3; MP4; GPRS; FM;</strong></em></p>'),
(169, 1, 'N412', '', 899000, 720000, 700000, 695000, 690000, '', '', '', '', 2, 'Gold', 0, 0, '<p>LCD 4&quot; WVGA, Quad-core 1.3Ghz, Ram 512 Mb, Rom 8G, Camera VGA / 3.2 MP, Pin 1.300 MAh</p>'),
(170, 1, 'N520', 'Slide2.JPG', 1390000, 1100000, 1090000, 1080000, 1075000, '', '', '', '', 1, ' Rose', 1, 0, '<p>FWVGA TN 5&quot;, Quad-core 1.2Ghz, Ram 1 Gb, Rom 8G, m&aacute;y ảnh VGA/5 MP, Pin 2.200 MAh, <span style="background-color: yellow;"><em><strong>Android 6.0 Marshmallow</strong></em></span></p>'),
(176, 17, 'Zenfone go ZB452KG', '', 1690000, 1499000, 1470000, 1455000, 1440000, '', '', '', '', 1, 'Silver', 0, 0, '<p>LCD IPS 4.5&quot;, L&otilde;i tứ 1.2 Ghz, Ram 1GB, Rom 8 GB, Camera 5/VGA Mp, Pin 2.070 MAh</p>'),
(177, 1, 'N660', '', 1990000, 1450000, 1430000, 1420000, 1410000, '', '', '', 'ốp ', 1, 'Gold, Silver, champagne', 0, 0, '<p><em><strong>HD IPS 5.5&quot;</strong></em>, Quad Core 1.3G, Ram 1G, Rom 8G, Camera 3.2 MP/ 8MP AF (Flash), Pin 2.500 MAh</p>'),
(178, 1, 'F5', '', 459000, 350000, 345000, 340000, 335000, '', '', '', '', 1, 'Gold, Navi-blue, Pink, Red', 0, 0, '<p><em><strong>M&aacute;y Gập MH 1.77&quot;</strong></em>, Pin 750 MAh, Camera VGA, 2 Sim, c&oacute; hỗ trợ thẻ nhớ</p>'),
(179, 21, 'Powerbank 10000', '20160909_094048_HDR1.jpg', 390000, 300000, 295000, 290000, 285000, '', '', '', '', 1, 'Silver', 1, 0, '<p><span style="background-color: yellow;"><em><strong>H&agrave;ng ch&iacute;nh h&atilde;ng FPT</strong></em></span>; Model 2015; Dung lượng 10.000mAh</p>'),
(180, 2, 'B242', 'trc.jpg', 450000, 370000, 360000, 355000, 350000, '', '', '', '', 0, 'Black, Rose Gold, Silver', 1, 0, '<p>QVGA 2.4&quot;; Pin 1000mAh; Camera VGA; FM;&nbsp;<span style="background-color: yellow;"><em><strong>Viền Th&eacute;p si&ecirc;u mỏng</strong></em></span></p>'),
(183, 1, 'a116', '', 2990000, 200000, 195000, 188000, 185000, '', '', '', '', 1, 'Black, Orange, Red', 0, 0, '<p>LCD 1.77 inch TFT; pin 900mAh; Camera VGA;</p>'),
(184, 10, 'Tab 80c', 'archos_80cxenon-slide_02.jpg', 2290000, 1790000, 1750000, 1740000, 1720000, '', '', '', '', 1, 'Silver', 0, 0, 'HD 8"; CPU Quad Core A7 1.3GHz; RAM 1GB; ROM 16GB; Camera 2MP; Pin 4200mAh'),
(185, 4, 'P1 (2GB RAM)', '', 5890000, 4680000, 4650000, 4600000, 4590000, '', '', '', '', 1, 'Gold, Silver', 0, 0, '<p>Full HD 5.5&quot;; CPU 8x1.5; RAM 2GB; ROM 32GB; Camera 15MP; Pin 5000mAh</p>'),
(200, 1, 'A129', '', 299000, 200000, 195000, 188000, 185000, '', '', '', '', 2, 'Grey, Blue', 1, 0, '<p>MH 1.77&quot;; Pin 800 MAh; Camera VGA; 2 Sim; FM; Bluetooth</p>'),
(201, 1, 'Fami 5', '', 599000, 400000, 390000, 385000, 380000, '', '', '', '', 2, 'Gold. Navi blue', 1, 0, '<p>M&aacute;y Người Gi&agrave;; MH TFT 2.2&quot;; Pin 1.400 MAh;Camera VGA (Flash); Ph&iacute;m Số Lớn; Gọi Khấn Cấp SOS; Loa To; FM</p>'),
(202, 1, 'A105', '', 2990000, 200000, 195000, 188000, 185000, '', '', '', '', 1, 'Black, Orange', 0, 0, '<p>MH 1.77&quot;; Pin 900 mAh; Camera VGA; 2 Sim</p>'),
(203, 4, 'A2020', '', 2090000, 1830000, 1810000, 1800000, 1790000, '', '', '', '', 1, 'White, Black', 1, 0, '<p>HD 5inches, CPU 64bit 4*1GHz, RAM 1GB, ROM 16GB, Pin 2300mah, Camera 5MP</p>'),
(204, 1, 'A122', '', 299000, 195000, 190000, 185000, 180000, '', '', '', '', 1, 'Black, Blue, Orange, Red', 1, 0, '<p>MH 1.77&quot;; Pin 750 MAh; Camera VGA; 2 Sim</p>'),
(205, 1, 'Tab 710', '', 1790000, 1390000, 1360000, 1350000, 1340000, '', '', '', 'Bao Da, SIM 3G	', 1, 'Black, White', 1, 0, '<p>LCD 7&quot;; Quad Core 1.3GHz; Ram 1G; Rom 8G; Camera 2/VGA MP; Pin 2.800mAh;<em><strong> 3G,Wifi, GPS, M&aacute;y mỏng chỉ 9,9mm</strong></em></p>'),
(206, 1, 'N600S', '', 1990000, 1480000, 1465000, 1460000, 1450000, '', '', '', 'Ốp lưng', 2, 'Black', 1, 0, '<p>HD IPS 5&quot;, Quad Core 1.3G, Ram 1G, Rom 8G, Camera 8/5 MP, Pin 2.100 MAh; Androi 6.0.<em><strong> Khung kim loại nguy&ecirc;n khối 7.4mm</strong></em></p>'),
(207, 24, 'Cable sạc bọc da cao cấp 3K', '', 299000, 150000, 120000, 115000, 110000, '', '', '', '', 1, 'Black, Coban, Orange, Brown, White', 1, 0, '<p>Cable sạc bọc da cao cấp, d&agrave;i 1 m&eacute;t, d&ugrave;ng cho cả IOS v&agrave; Android chung 1 đầu. H&agrave;ng ch&iacute;nh h&atilde;ng c&oacute; h&oacute;a đơn VAT. Bảo h&agrave;nh 1 đổi 1 trong 1 năm.</p>'),
(208, 4, 'A1000', '', 1390000, 1220000, 1190000, 1170000, 1150000, '', '', '', '', 1, 'Black, White', 1, 0, '<p>4&quot; WVGA, <strong>CPU Quadcore 4x1.3 Ghz</strong>, Ram 1Gb, Rom 8Gb, Camera sau 5Mpx k&egrave;m flash, trước 0.3Mpx, Android Lolilop 5.0</p>'),
(209, 1, 'A119', '', 299000, 200000, 190000, 185000, 182000, '', '', '', '', 1, 'bkack, blue, orange, yellow', 0, 0, 'LCD 1.77" TFT; Pin 800mAh; Camera VGA;'),
(210, 2, 'B221', '', 240000, 235000, 230000, 225000, 220000, '', '', '', '', 1, 'Black Red, Black Yellow, White Blue', 1, 0, '<p>LCD 1.8&quot;, FM kh&ocirc;ng cần tai nghe, ghi &acirc;m cuộc gọi</p>'),
(211, 2, 'B223', '', 230000, 225000, 220000, 215000, 210000, '', '', '', '', 2, 'Black Red, Black Green, White Blue', 1, 0, '<p>LCD 1.8&quot;</p>'),
(212, 9, 'E330', '', 1290000, 1085000, 1075000, 1070000, 1065000, '', '', '', '', 1, 'Black', 1, 0, '<p>MH 2.8&quot;; Pin 4050mAh Ki&ecirc;m sạc dự ph&ograve;ng</p>'),
(213, 1, 'Tab 760', '', 1990000, 1840000, 1820000, 1810000, 1800000, '', '', '', 'Bao da, SIM 3G', 1, 'Gold', 0, 0, 'LCD 7"; CPU lõi 8x1.7 GHz; Ram 1G; Rom 8G; Camera 5/8 MP Flash kép; Pin 3.000mAh; 3G,Wifi, GPS'),
(215, 1, 'A280', '', 390000, 330000, 320000, 315000, 310000, '', '', '', '', 1, 'Black; Navi blue; Gold', 0, 0, 'MH 2.8" QVGA; Pin 1.400 MAh; Camera VGA; 2 Sim\r\n'),
(216, 25, 'Venus X2', '', 1790000, 1270000, 1250000, 1240000, 1230000, '', '', '', 'Bao da, Kính cường lực', 1, 'Black', 1, 0, '<p><span style="color: rgb(255, 0, 0);"><em><strong>HD IPS 5.5&quot;</strong></em></span>, <em><strong>Quad Core 1.3G, Ram 1G, Rom 8G</strong></em>, Camera 8/2 MP, Pin 2.800 MAh. Android 5.1 (Lollipop)</p>'),
(217, 25, 'Venus X10', '', 1790000, 1270000, 1250000, 1240000, 1230000, '', '', '', 'Bao da, Kính cường lực', 1, 'Black, Golden, Rose Golden, Silver', 1, 0, '<p>HD IPS 5&quot;, <em><strong>Quad Core 1.3G, Ram 1G, Rom 8G</strong></em>, Camera 8/2 MP, Pin 2.800 MAh. Android 5.1 (Lollipop)</p>'),
(218, 25, 'Cosmos V8-2 16G', '', 2590000, 1670000, 1650000, 1630000, 1600000, '', '', '', 'Bao da, Ốp silicon, Kính cường lực', 1, 'Black, Golden, Rose Golden, Silver', 1, 0, '<p><span style="color: rgb(255, 0, 0);"><span style="background-color: rgb(255, 255, 0);"><em><strong>Kiểu d&aacute;ng giống hệt Iphone 7</strong></em></span></span>. HD IPS 5&quot;, <em><strong>Quad Core 1.3G, Ram 1G, Rom 16G</strong></em>, <span style="color: rgb(255, 0, 0);"><em><strong>Camera 13/5 MP</strong></em></span>, Pin 2.800 MAh. Android 5.1 (Lollipop)</p>'),
(219, 25, 'Cosmos V13', '', 1990000, 1570000, 1550000, 1530000, 1500000, '', '', '', 'Bao da, Kính cường lực', 1, 'Blue, Golden, Rose Golden', 1, 0, '<p><span style="background-color: rgb(255, 255, 0);"><span style="color: rgb(255, 0, 0);"><em><strong>HD IPS 6&quot;</strong></em></span></span>, <em><strong>Quad Core 1.3G, Ram 1G, Rom 8G</strong></em>, Camera 8/2 MP,<em><strong><span style="color: rgb(255, 0, 0);"> Pin 3.200 MAh</span></strong></em>. Android 5.1 (Lollipop)</p>');

-- --------------------------------------------------------

--
-- Table structure for table `thanhvien`
--

DROP TABLE IF EXISTS `thanhvien`;
CREATE TABLE IF NOT EXISTS `thanhvien` (
  `id_thanhvien` int(10) NOT NULL AUTO_INCREMENT,
  `tai_khoan` varchar(255) COLLATE utf8_unicode_ci NOT NULL,
  `mat_khau` varchar(255) COLLATE utf8_unicode_ci NOT NULL,
  `quyen_truy_cap` int(1) NOT NULL,
  `disable` tinyint(4) NOT NULL DEFAULT '0',
  PRIMARY KEY (`id_thanhvien`)
) ENGINE=InnoDB  DEFAULT CHARSET=utf8 COLLATE=utf8_unicode_ci AUTO_INCREMENT=12 ;

--
-- Dumping data for table `thanhvien`
--

INSERT INTO `thanhvien` (`id_thanhvien`, `tai_khoan`, `mat_khau`, `quyen_truy_cap`, `disable`) VALUES
(1, 'admin', 'dsv123', 2, 0),
(3, 'phong', '12345', 2, 0),
(4, 'namdn', 'dsv123', 2, 0),
(6, 'trungtm', 'dsv123', 2, 0),
(7, 'longtd', 'dsv123', 2, 0),
(8, 'thanhtd', 'dsv123', 2, 0),
(9, 'chuyenbh', 'dsv123', 2, 0),
(10, 'manhnd', 'dsv123', 2, 0),
(11, 'anhvh', 'dsv123', 2, 0);

/*!40101 SET CHARACTER_SET_CLIENT=@OLD_CHARACTER_SET_CLIENT */;
/*!40101 SET CHARACTER_SET_RESULTS=@OLD_CHARACTER_SET_RESULTS */;
/*!40101 SET COLLATION_CONNECTION=@OLD_COLLATION_CONNECTION */;
